coef,intercept,pvalue,age_min,age_max,n_participants,n_trials
0.2283931763691671,-1.0910869353372052,0.08172730408954448,7.0,11.0,28,79
