cohort,mean_latency_frames,sem_latency_frames,mean_latency_ms,sem_latency_ms,mean_latency_seconds,sem_latency_seconds,trials
7-month-olds,78.0,8.12403840463596,2600.0,270.80128015453204,2.6,0.2708012801545321,6
8-month-olds,93.0,5.710613899670605,3100.0,190.35379665568686,3.0999999999999996,0.19035379665568683,9
9-month-olds,82.5,9.619713555448982,2750.0,320.65711851496604,2.75,0.32065711851496603,10
10-month-olds,69.0,6.131319074479292,2300.0,204.37730248264302,2.3000000000000003,0.20437730248264302,22
11-month-olds,71.72727272727273,8.749120380816377,2390.909090909091,291.63734602721263,2.390909090909091,0.29163734602721264,11
Adults,61.84375,5.396218317212168,2061.4583333333335,179.87394390707226,2.0614583333333334,0.1798739439070723,32
