coef,intercept,pvalue,age_min,age_max,n_participants,n_trials
0.3585010542359727,-3.1329343889719334,0.0074868527596624575,7.0,11.0,41,140
