coef,intercept,pvalue,age_min,age_max,n_participants,n_trials
0.21996699892881477,-2.51509755038147,0.06985156553442053,7.0,11.0,44,154
