cohort,participants,total_trials,successful_trials,success_rate
7-month-olds,7,22,9,0.4090909090909091
8-month-olds,7,23,11,0.4782608695652174
9-month-olds,6,20,7,0.35
10-month-olds,11,33,15,0.45454545454545453
11-month-olds,8,26,16,0.6153846153846154
Adults,14,46,28,0.6086956521739131
