cohort,participants,total_trials,successful_trials,success_rate
7-month-olds,8,28,9,0.32142857142857145
8-month-olds,7,26,10,0.38461538461538464
9-month-olds,10,33,7,0.21212121212121213
10-month-olds,11,38,16,0.42105263157894735
11-month-olds,8,29,16,0.5517241379310345
Adults,14,46,28,0.6086956521739131
