cohort,mean_latency_frames,sem_latency_frames,mean_latency_ms,sem_latency_ms,mean_latency_seconds,sem_latency_seconds,trials
7-month-olds,39.666666666666664,5.819030083365363,1322.2222222222222,193.9676694455121,1.3222222222222222,0.1939676694455121,9
8-month-olds,35.5,3.2463654891106897,1183.3333333333335,108.21218297035632,1.1833333333333333,0.10821218297035634,10
9-month-olds,38.285714285714285,5.792911455326388,1276.1904761904764,193.0970485108796,1.2761904761904763,0.1930970485108796,7
10-month-olds,35.1875,3.925577186860551,1172.9166666666667,130.85257289535173,1.1729166666666666,0.13085257289535174,16
11-month-olds,38.25,4.244113570582201,1275.0,141.47045235274004,1.275,0.14147045235274003,16
Adults,36.714285714285715,2.660139403822706,1223.8095238095236,88.67131346075683,1.2238095238095237,0.08867131346075684,28
