cohort,mean_latency_frames,sem_latency_frames,mean_latency_ms,sem_latency_ms,mean_latency_seconds,sem_latency_seconds,trials
7-month-olds,39.666666666666664,5.819030083365363,1322.2222222222222,193.9676694455121,1.3222222222222222,0.1939676694455121,9
8-month-olds,35.0,2.9787123514578027,1166.6666666666667,99.29041171526009,1.1666666666666667,0.0992904117152601,11
9-month-olds,42.714285714285715,6.398341621873912,1423.8095238095236,213.27805406246372,1.4238095238095239,0.21327805406246367,7
10-month-olds,33.46666666666667,3.7719095412405617,1115.5555555555554,125.73031804135208,1.1155555555555556,0.12573031804135204,15
11-month-olds,38.25,4.244113570582201,1275.0,141.47045235274004,1.275,0.14147045235274003,16
Adults,36.714285714285715,2.660139403822706,1223.8095238095236,88.67131346075683,1.2238095238095237,0.08867131346075685,28
