coef,intercept,pvalue,age_min,age_max,n_participants,n_trials
0.15814496769970895,-1.5772370370881927,0.15713389782087206,7.0,11.0,39,124
