cohort,mean_looked,trials
7-month-olds,0.7727272727272727,22
8-month-olds,0.7931034482758621,29
9-month-olds,0.6666666666666666,33
10-month-olds,0.725,40
11-month-olds,0.8181818181818182,22
Adults,0.8666666666666667,45
