cohort,agent_agent_attention_mean,agent_object_binding_mean,motion_tracking_mean
10-month-olds,0.15281385281385282,0.43982683982683984,0.1839105339105339
11-month-olds,0.14914529914529914,0.5584554334554335,0.0875
7-month-olds,0.07039337474120083,0.2503105590062112,0.42018633540372674
8-month-olds,0.136,0.30314285714285716,0.25561904761904763
9-month-olds,0.11521739130434783,0.44855072463768114,0.22536231884057972
Adults,0.36722222222222217,0.39092752926086255,0.05616402116402116
