cohort,agent_agent_attention_mean,agent_object_binding_mean,motion_tracking_mean
10-month-olds,0.1714795008912656,0.4230142406612995,0.16822066822066822
11-month-olds,0.15773344302756068,0.5420274578362814,0.09157196969696971
7-month-olds,0.05625,0.24444444444444444,0.45625
8-month-olds,0.12473544973544974,0.30209918984428785,0.2776199200218808
9-month-olds,0.07486772486772487,0.42050264550264554,0.3021164021164021
Adults,0.34272771656336065,0.4037884432949381,0.05999177130806556
