cohort,mean_latency_frames,sem_latency_frames,mean_latency_ms,sem_latency_ms,mean_latency_seconds,sem_latency_seconds,trials
7-month-olds,14.5,2.7632627300046373,483.3333333333333,92.10875766682123,0.4833333333333333,0.09210875766682125,18
8-month-olds,16.647058823529413,2.294400435059535,554.9019607843137,76.4800145019845,0.5549019607843138,0.07648001450198451,17
9-month-olds,22.2,1.6653327995729061,740.0,55.51109331909688,0.74,0.055511093319096885,25
10-month-olds,19.4,2.1563059088204053,646.6666666666666,71.87686362734684,0.6466666666666667,0.07187686362734685,30
11-month-olds,17.6,2.4413111231467406,586.6666666666666,81.37703743822469,0.5866666666666667,0.08137703743822468,15
Adults,5.1891891891891895,1.496160169236157,172.97297297297297,49.87200564120525,0.17297297297297298,0.049872005641205225,37
