coef,intercept,pvalue,age_min,age_max,n_participants,n_trials
0.9820761762509335,9.619652192467727,0.3536953612241328,7,11,40,105
