cohort,agent_agent_attention_mean,agent_object_binding_mean,motion_tracking_mean
10-month-olds,0.14981203007518798,0.4181704260651629,0.2380325814536341
11-month-olds,0.1468390804597701,0.5382183908045978,0.10488505747126436
7-month-olds,0.06404761904761905,0.22314285714285714,0.44942857142857146
8-month-olds,0.11436781609195401,0.28891625615763544,0.2835796387520525
9-month-olds,0.09137931034482759,0.39022988505747125,0.24770114942528737
Adults,0.36722222222222217,0.39092752926086255,0.05616402116402116
