cohort,agent_agent_attention_mean,agent_object_binding_mean,motion_tracking_mean
10-month-olds,0.21561561561561562,0.41816816816816815,0.24114114114114116
11-month-olds,0.2480952380952381,0.46634920634920635,0.07222222222222222
7-month-olds,0.058333333333333334,0.19999999999999998,0.5083333333333334
8-month-olds,0.060000000000000005,0.1688888888888889,0.5333333333333333
9-month-olds,0.12692307692307692,0.5038461538461538,0.16153846153846155
Adults,0.2600595238095238,0.3696230158730159,0.2932440476190476
