cohort,participants,total_trials,successful_trials,success_rate
7-month-olds,7,22,10,0.45454545454545453
8-month-olds,7,23,11,0.4782608695652174
9-month-olds,6,20,7,0.35
10-month-olds,11,33,16,0.48484848484848486
11-month-olds,8,26,16,0.6153846153846154
Adults,14,46,31,0.6739130434782609
