cohort,mean_latency_frames,sem_latency_frames,mean_latency_ms,sem_latency_ms,mean_latency_seconds,sem_latency_seconds,trials
7-month-olds,37.1,5.5526770320469945,1236.6666666666665,185.08923440156647,1.2366666666666668,0.1850892344015665,10
8-month-olds,31.833333333333332,2.4241003746261476,1061.111111111111,80.80334582087157,1.0611111111111111,0.08080334582087158,12
9-month-olds,41.125,5.764539072144946,1370.8333333333333,192.1513024048315,1.3708333333333333,0.19215130240483147,8
10-month-olds,35.64705882352941,3.8251693315753896,1188.235294117647,127.50564438584635,1.188235294117647,0.12750564438584633,17
11-month-olds,38.25,4.244113570582201,1275.0,141.47045235274004,1.275,0.14147045235274003,16
Adults,36.38709677419355,2.814202619874648,1212.9032258064517,93.8067539958216,1.2129032258064516,0.09380675399582158,31
