coef,intercept,pvalue,age_min,age_max,n_participants,n_trials
0.16208437415372084,-1.8458391005245818,0.18480873272404008,7.0,11.0,44,154
