coef,intercept,pvalue,age_min,age_max,n_participants,n_trials
0.13606442585017875,-1.3095694721400812,0.2351486995369766,7.0,11.0,39,124
