cohort,participants,total_trials,successful_trials,success_rate
7-month-olds,8,28,10,0.35714285714285715
8-month-olds,7,26,12,0.46153846153846156
9-month-olds,10,33,8,0.24242424242424243
10-month-olds,11,38,17,0.4473684210526316
11-month-olds,8,29,16,0.5517241379310345
Adults,14,46,31,0.6739130434782609
