cohort,mean_latency_frames,sem_latency_frames,mean_latency_ms,sem_latency_ms,mean_latency_seconds,sem_latency_seconds,trials
7-month-olds,37.1,5.5526770320469945,1236.6666666666665,185.08923440156647,1.2366666666666668,0.1850892344015665,10
8-month-olds,32.63636363636363,2.505531071532186,1087.8787878787878,83.51770238440618,1.087878787878788,0.08351770238440619,11
9-month-olds,42.714285714285715,6.398341621873912,1423.8095238095236,213.27805406246372,1.4238095238095239,0.21327805406246367,7
10-month-olds,34.0625,3.706378229934626,1135.4166666666667,123.54594099782089,1.1354166666666667,0.12354594099782089,16
11-month-olds,38.25,4.244113570582201,1275.0,141.47045235274004,1.275,0.14147045235274003,16
Adults,36.38709677419355,2.814202619874648,1212.9032258064517,93.8067539958216,1.2129032258064516,0.0938067539958216,31
