cohort,mean_looked,trials
7-month-olds,0.2857142857142857,28
8-month-olds,0.3448275862068966,29
9-month-olds,0.21212121212121213,33
10-month-olds,0.23684210526315788,38
11-month-olds,0.3448275862068966,29
Adults,0.782608695652174,46
