cohort,agent_agent_attention_mean,agent_object_binding_mean,motion_tracking_mean
10-month-olds,0.19285714285714287,0.18476190476190477,0.13047619047619047
11-month-olds,0.2746031746031746,0.21031746031746032,0.20476190476190476
7-month-olds,0.11357142857142857,0.17178571428571426,0.4314285714285714
8-month-olds,0.12101449275362318,0.06884057971014493,0.3115942028985507
9-month-olds,0.11034482758620691,0.33563218390804594,0.14885057471264368
Adults,0.23523809523809522,0.3523280423280423,0.22902116402116401
