cohort,participants,total_trials,successful_trials,success_rate
7-month-olds,8,35,5,0.14285714285714285
8-month-olds,10,42,6,0.14285714285714285
9-month-olds,11,48,10,0.20833333333333334
10-month-olds,11,46,10,0.21739130434782608
11-month-olds,9,39,7,0.1794871794871795
Adults,14,45,21,0.4666666666666667
