cohort,agent_agent_attention_mean,agent_object_binding_mean,motion_tracking_mean
10-month-olds,0.39758403361344535,0.1480392156862745,0.19779411764705881
11-month-olds,0.42943722943722945,0.17295645530939646,0.2918130888719124
7-month-olds,0.0819327731092437,0.2586367880485528,0.4519140989729225
8-month-olds,0.253030303030303,0.11742424242424243,0.4075757575757576
9-month-olds,0.5117989417989418,0.10865079365079365,0.21804232804232804
Adults,0.12137320044296789,0.511904761904762,0.2862679955703212
