cohort,agent_agent_attention_mean,agent_object_binding_mean,motion_tracking_mean
10-month-olds,0.005747126436781609,0.28579638752052544,0.45673234811165847
11-month-olds,0.034999999999999996,0.26416666666666666,0.5033333333333333
7-month-olds,0.0,0.175,0.3333333333333333
8-month-olds,0.0,0.17708333333333331,0.5364583333333334
9-month-olds,0.0,0.07789855072463768,0.713768115942029
Adults,0.07384259259259258,0.2913029100529101,0.5313492063492063
