cohort,mean_looked,trials
7-month-olds,0.8214285714285714,28
8-month-olds,0.7586206896551724,29
9-month-olds,0.5454545454545454,33
10-month-olds,0.8421052631578947,38
11-month-olds,0.8275862068965517,29
Adults,0.9565217391304348,46
