cohort,mean_looked,trials
7-month-olds,0.7142857142857143,28
8-month-olds,0.75,24
9-month-olds,0.8,35
10-month-olds,0.7142857142857143,42
11-month-olds,0.72,25
Adults,0.9565217391304348,46
