cohort,mean_looked,trials
7-month-olds,0.4090909090909091,22
8-month-olds,0.10344827586206896,29
9-month-olds,0.5151515151515151,33
10-month-olds,0.3,40
11-month-olds,0.6363636363636364,22
Adults,0.7777777777777778,45
