coef,intercept,pvalue,age_min,age_max,n_participants,n_trials
0.680687471732249,11.437459168802441,0.49690561503081876,7,11,40,108
