cohort,mean_latency_frames,sem_latency_frames,mean_latency_ms,sem_latency_ms,mean_latency_seconds,sem_latency_seconds,trials
7-month-olds,14.5,2.7632627300046373,483.3333333333333,92.10875766682123,0.4833333333333333,0.09210875766682125,18
8-month-olds,15.38888888888889,2.315250503660159,512.9629629629629,77.17501678867197,0.5129629629629631,0.07717501678867197,18
9-month-olds,22.04,1.6658131147680801,734.6666666666667,55.52710382560267,0.7346666666666667,0.055527103825602685,25
10-month-olds,17.580645161290324,2.1305631511326464,586.0215053763442,71.01877170442157,0.5860215053763441,0.07101877170442156,31
11-month-olds,16.8125,2.4156068078228294,560.4166666666666,80.52022692742766,0.5604166666666667,0.08052022692742765,16
Adults,5.1891891891891895,1.496160169236157,172.97297297297297,49.87200564120525,0.17297297297297298,0.049872005641205225,37
