cohort,mean_looked,trials
7-month-olds,0.35714285714285715,14
8-month-olds,0.43478260869565216,23
9-month-olds,0.7037037037037037,27
10-month-olds,0.6470588235294118,34
11-month-olds,0.6,25
Adults,0.6086956521739131,46
