cohort,agent_agent_attention_mean,agent_object_binding_mean,motion_tracking_mean
10-month-olds,0.42516695191113796,0.2292778281150374,0.11803332326588141
11-month-olds,0.4129858104858105,0.1859259259259259,0.105
7-month-olds,0.24188311688311687,0.15281385281385282,0.29354256854256855
8-month-olds,0.46277446277446277,0.0999073749073749,0.16882434382434383
9-month-olds,0.3682011682011682,0.18792776292776292,0.14158086658086658
Adults,0.2734513674731066,0.2929203043333478,0.12191799746147572
