cohort,agent_agent_attention_mean,agent_object_binding_mean,motion_tracking_mean
10-month-olds,0.1552123552123552,0.4160875160875161,0.22934362934362934
11-month-olds,0.15841543513957307,0.5597701149425288,0.08825944170771756
7-month-olds,0.06961697722567287,0.2997929606625259,0.3979296066252588
8-month-olds,0.15804597701149425,0.33341543513957306,0.23825944170771757
9-month-olds,0.125,0.3535714285714286,0.2541666666666667
Adults,0.38441558441558443,0.4207251082251082,0.05034271284271285
