cohort,agent_agent_attention_mean,agent_object_binding_mean,motion_tracking_mean
10-month-olds,0.19523809523809524,0.3848579782790309,0.24644945697577278
11-month-olds,0.19546485260770974,0.42556689342403625,0.11587301587301588
7-month-olds,0.04083333333333333,0.16499999999999998,0.5558333333333334
8-month-olds,0.04090909090909091,0.19848484848484851,0.553030303030303
9-month-olds,0.11,0.42,0.2011111111111111
Adults,0.2537166085946574,0.38499806426635697,0.2860917537746806
