cohort,agent_agent_attention_mean,agent_object_binding_mean,motion_tracking_mean
10-month-olds,0.19874686716791978,0.3839807852965748,0.22451963241436926
11-month-olds,0.22380952380952382,0.4088624338624338,0.1388888888888889
7-month-olds,0.04083333333333333,0.16749999999999998,0.5666666666666667
8-month-olds,0.04090909090909091,0.2287878787878788,0.48939393939393944
9-month-olds,0.13103448275862067,0.45747126436781604,0.19655172413793104
Adults,0.2650297619047619,0.3783333333333333,0.2855059523809524
