cohort,agent_agent_attention_mean,agent_object_binding_mean,motion_tracking_mean
10-month-olds,0.3756547619047619,0.3299404761904762,0.11113095238095239
11-month-olds,0.3215151515151515,0.19643434343434343,0.23785858585858588
7-month-olds,0.051587301587301584,0.17222222222222222,0.41031746031746036
8-month-olds,0.2001904761904762,0.16304761904761902,0.3871904761904762
9-month-olds,0.29833333333333334,0.37333333333333335,0.2833333333333333
Adults,0.24747732426303853,0.40897581254724114,0.22159863945578231
