coef,intercept,pvalue,age_min,age_max,n_participants,n_trials
0.2444631251771227,-1.5718338043424418,0.05006511283380727,7.0,11.0,33,101
