cohort,mean_latency_frames,sem_latency_frames,mean_latency_ms,sem_latency_ms,mean_latency_seconds,sem_latency_seconds,trials
7-month-olds,77.85714285714286,6.867551623841094,2595.2380952380954,228.9183874613698,2.5952380952380953,0.22891838746136975,7
8-month-olds,93.0,5.710613899670605,3100.0,190.35379665568686,3.0999999999999996,0.19035379665568683,9
9-month-olds,76.5,7.463280073168194,2550.0,248.7760024389398,2.5500000000000003,0.2487760024389398,14
10-month-olds,72.5,5.715902243875281,2416.666666666667,190.53007479584267,2.416666666666667,0.19053007479584266,26
11-month-olds,71.72727272727273,8.749120380816377,2390.909090909091,291.63734602721263,2.390909090909091,0.29163734602721264,11
Adults,61.84375,5.396218317212168,2061.4583333333335,179.87394390707226,2.0614583333333334,0.1798739439070723,32
