cohort,agent_agent_attention_mean,agent_object_binding_mean,motion_tracking_mean
10-month-olds,0.22152171170606297,0.4023090908997185,0.23632888009822992
11-month-olds,0.20323129251700678,0.4685374149659864,0.09098639455782312
7-month-olds,0.038461538461538464,0.12740384615384615,0.5456730769230769
8-month-olds,0.05873015873015872,0.25476190476190474,0.4420634920634921
9-month-olds,0.13977072310405644,0.43225909892576564,0.13338945005611672
Adults,0.24438502673796791,0.37436550377726846,0.2976487564722859
