cohort,agent_agent_attention_mean,agent_object_binding_mean,motion_tracking_mean
10-month-olds,0.14147361647361648,0.30868725868725866,0.11512226512226512
11-month-olds,0.17341269841269838,0.3128968253968254,0.12475198412698413
7-month-olds,0.1613871635610766,0.22184265010351964,0.11118012422360248
8-month-olds,0.04710144927536231,0.28840579710144926,0.2894409937888199
9-month-olds,0.1976190476190476,0.31335978835978834,0.1710758377425044
Adults,0.3113256062119698,0.2751248751248751,0.17495402324947779
