cohort,mean_latency_frames,sem_latency_frames,mean_latency_ms,sem_latency_ms,mean_latency_seconds,sem_latency_seconds,trials
7-month-olds,84.375,8.823542979681443,2812.5,294.1180993227147,2.8125,0.29411809932271477,8
8-month-olds,92.8,5.248915231846587,3093.333333333333,174.9638410615529,3.0933333333333333,0.17496384106155288,10
9-month-olds,76.5,7.463280073168194,2550.0,248.7760024389398,2.5500000000000003,0.24877600243893983,14
10-month-olds,71.54166666666667,5.2561141645811995,2384.722222222222,175.20380548603998,2.3847222222222224,0.17520380548603995,24
11-month-olds,77.57142857142857,8.392640866981917,2585.714285714286,279.7546955660639,2.5857142857142854,0.2797546955660639,14
Adults,64.35714285714286,5.488374988566029,2145.238095238095,182.94583295220096,2.145238095238095,0.182945832952201,28
