coef,intercept,pvalue,age_min,age_max,n_participants,n_trials
0.22894494534833648,-1.5623215741242917,0.09299338056002926,7.0,11.0,33,101
