coef,intercept,pvalue,age_min,age_max,n_participants,n_trials
0.3634024576262836,-3.2980664144319616,0.008409034932835627,7.0,11.0,41,140
