cohort,mean_latency_frames,sem_latency_frames,mean_latency_ms,sem_latency_ms,mean_latency_seconds,sem_latency_seconds,trials
7-month-olds,79.0,0.0,2633.3333333333335,0.0,2.6333333333333333,0.0,1
8-month-olds,64.33333333333333,13.780824035996947,2144.4444444444443,459.36080119989816,2.1444444444444444,0.4593608011998982,6
9-month-olds,68.1,8.694123174753035,2270.0,289.8041058251011,2.27,0.28980410582510113,10
10-month-olds,68.52941176470588,7.298326584516211,2284.3137254901962,243.277552817207,2.2843137254901964,0.24327755281720703,17
11-month-olds,91.3,9.134853888024457,3043.3333333333335,304.4951296008153,3.0433333333333334,0.30449512960081526,10
Adults,72.33333333333333,5.758361759973939,2411.1111111111113,191.94539199913132,2.411111111111111,0.1919453919991313,21
