coef,intercept,pvalue,age_min,age_max,n_participants,n_trials
0.30974184473023303,-3.416029189082913,0.05717619550704338,7.0,11.0,36,116
