cohort,participants,total_trials,successful_trials,success_rate
7-month-olds,2,7,1,0.14285714285714285
8-month-olds,4,9,4,0.4444444444444444
9-month-olds,4,13,6,0.46153846153846156
10-month-olds,7,20,13,0.65
11-month-olds,6,18,9,0.5
Adults,14,46,21,0.45652173913043476
