coef,intercept,pvalue,age_min,age_max,n_participants,n_trials
0.3203902937076915,-3.0754112051998614,0.12612902405831877,7.0,11.0,23,67
