cohort,mean_latency_frames,sem_latency_frames,mean_latency_ms,sem_latency_ms,mean_latency_seconds,sem_latency_seconds,trials
7-month-olds,79.0,0.0,2633.3333333333335,0.0,2.6333333333333333,0.0,1
8-month-olds,72.0,20.33060090930254,2400.0,677.6866969767515,2.4,0.6776866969767514,4
9-month-olds,60.666666666666664,11.98517602893026,2022.2222222222224,399.5058676310086,2.022222222222222,0.39950586763100865,6
10-month-olds,68.07692307692308,8.091988391867742,2269.230769230769,269.73294639559145,2.269230769230769,0.2697329463955915,13
11-month-olds,86.66666666666667,8.80183061767393,2888.8888888888887,293.3943539224643,2.888888888888889,0.29339435392246427,9
Adults,72.33333333333333,5.758361759973939,2411.1111111111113,191.94539199913132,2.411111111111111,0.1919453919991313,21
