cohort,agent_agent_attention_mean,agent_object_binding_mean,motion_tracking_mean
10-month-olds,0.14981203007518798,0.4181704260651629,0.2380325814536341
11-month-olds,0.15095785440613027,0.5524083196496989,0.09568965517241379
7-month-olds,0.06476190476190476,0.2302857142857143,0.44657142857142856
8-month-olds,0.11724137931034483,0.31880131362889985,0.26403940886699506
9-month-olds,0.09137931034482759,0.39022988505747125,0.24770114942528737
Adults,0.36722222222222217,0.39092752926086255,0.05616402116402116
