cohort,mean_looked,trials
7-month-olds,0.5833333333333334,24
8-month-olds,0.56,25
9-month-olds,0.53125,32
10-month-olds,0.7435897435897436,39
11-month-olds,0.8571428571428571,21
Adults,0.9024390243902439,41
