cohort,agent_agent_attention_mean,agent_object_binding_mean,motion_tracking_mean
10-month-olds,0.012345679012345678,0.29029982363315693,0.43871252204585537
11-month-olds,0.039473684210526314,0.293859649122807,0.40789473684210525
7-month-olds,0.0,0.19444444444444445,0.25925925925925924
8-month-olds,0.0,0.20238095238095236,0.49404761904761907
9-month-olds,0.0,0.11363636363636363,0.6931818181818182
Adults,0.08392857142857142,0.35944444444444446,0.4284920634920635
